{"cameraMode":{"drawMode":0,"name":"Shaded","section":"Shading Mode"},"sceneLighting":false,"audioPlay":false,"sceneViewState":{"showFog":true,"showMaterialUpdate":true,"showSkybox":false,"showFlares":true,"showImageEffects":true,"showParticleSystems":true},"in2DMode":false,"pivot":{"x":14.516584396362305,"y":0.5268166065216065,"z":-8.647650718688965},"rotation":{"x":0.19602185487747193,"y":0.2475816160440445,"z":-0.051200952380895618,"w":0.9474924802780151},"size":2.799165725708008,"orthographic":false}