{"cameraMode":{"drawMode":0,"name":"Shaded","section":"Shading Mode"},"sceneLighting":true,"audioPlay":false,"sceneViewState":{"showFog":true,"showMaterialUpdate":true,"showSkybox":true,"showFlares":true,"showImageEffects":true,"showParticleSystems":true},"in2DMode":false,"pivot":{"x":-10.353659629821778,"y":7.954051971435547,"z":-7.015659332275391},"rotation":{"x":-0.030714072287082673,"y":0.9660801291465759,"z":-0.21685561537742616,"w":-0.13683122396469117},"size":264.84613037109377,"orthographic":false}