{"cameraMode":{"drawMode":0,"name":"Shaded","section":"Shading Mode"},"sceneLighting":false,"audioPlay":false,"sceneViewState":{"showFog":true,"showMaterialUpdate":true,"showSkybox":false,"showFlares":true,"showImageEffects":true,"showParticleSystems":true},"in2DMode":false,"pivot":{"x":7.401357650756836,"y":1.1494145393371583,"z":-15.168636322021485},"rotation":{"x":0.07512672245502472,"y":0.8958564400672913,"z":-0.16608327627182008,"w":0.40523409843444826},"size":14.58825969696045,"orthographic":false}