{"cameraMode":{"drawMode":0,"name":"Shaded","section":"Shading Mode"},"sceneLighting":false,"audioPlay":false,"sceneViewState":{"showFog":true,"showMaterialUpdate":true,"showSkybox":false,"showFlares":true,"showImageEffects":true,"showParticleSystems":true},"in2DMode":false,"pivot":{"x":35.76106262207031,"y":2.2703709602355959,"z":-3.6599998474121095},"rotation":{"x":0.2804705500602722,"y":0.15746913850307465,"z":-0.04670090228319168,"w":0.9457059502601624},"size":12.367424964904786,"orthographic":false}