{"cameraMode":{"drawMode":0,"name":"Shaded","section":"Shading Mode"},"sceneLighting":true,"audioPlay":false,"sceneViewState":{"showFog":true,"showMaterialUpdate":true,"showSkybox":true,"showFlares":true,"showImageEffects":true,"showParticleSystems":true},"in2DMode":false,"pivot":{"x":-73.90882110595703,"y":-10.2531099319458,"z":-32.56132125854492},"rotation":{"x":0.0628214180469513,"y":-0.7773047089576721,"z":0.0786236897110939,"w":0.6210328936576843},"size":107.61182403564453,"orthographic":false}