{"cameraMode":{"drawMode":0,"name":"Shaded","section":"Shading Mode"},"sceneLighting":true,"audioPlay":false,"sceneViewState":{"showFog":true,"showMaterialUpdate":true,"showSkybox":true,"showFlares":true,"showImageEffects":true,"showParticleSystems":true},"in2DMode":false,"pivot":{"x":-40.79705047607422,"y":-12.078756332397461,"z":-2.4875192642211916},"rotation":{"x":-0.11208419501781464,"y":0.5513560175895691,"z":-0.07506254315376282,"w":-0.8232933878898621},"size":99.41261291503906,"orthographic":false}