{"cameraMode":{"drawMode":0,"name":"Shaded","section":"Shading Mode"},"sceneLighting":false,"audioPlay":false,"sceneViewState":{"showFog":true,"showMaterialUpdate":true,"showSkybox":false,"showFlares":true,"showImageEffects":true,"showParticleSystems":true},"in2DMode":false,"pivot":{"x":38.118675231933597,"y":-1.925544261932373,"z":14.821434020996094},"rotation":{"x":0.2804705500602722,"y":0.15746913850307465,"z":-0.04670090228319168,"w":0.9457059502601624},"size":24.704330444335939,"orthographic":false}