{"cameraMode":{"drawMode":0,"name":"Shaded","section":"Shading Mode"},"sceneLighting":true,"audioPlay":false,"sceneViewState":{"showFog":true,"showMaterialUpdate":true,"showSkybox":true,"showFlares":true,"showImageEffects":true,"showParticleSystems":true},"in2DMode":false,"pivot":{"x":-8.663662910461426,"y":-0.33486270904541018,"z":-18.57779884338379},"rotation":{"x":0.22674560546875,"y":-0.5725669264793396,"z":0.16868214309215547,"w":0.7696558833122253},"size":15.221334457397461,"orthographic":false}