{"cameraMode":{"drawMode":0,"name":"Shaded","section":"Shading Mode"},"sceneLighting":true,"audioPlay":false,"sceneViewState":{"showFog":true,"showMaterialUpdate":true,"showSkybox":true,"showFlares":true,"showImageEffects":true,"showParticleSystems":true},"in2DMode":false,"pivot":{"x":-58.609039306640628,"y":1.9513397216796876,"z":104.28126525878906},"rotation":{"x":-0.023881033062934877,"y":0.97557133436203,"z":-0.17148275673389436,"w":-0.1357734203338623},"size":84.85772705078125,"orthographic":false}