{"cameraMode":{"drawMode":0,"name":"Shaded","section":"Shading Mode"},"sceneLighting":true,"audioPlay":false,"sceneViewState":{"showFog":true,"showMaterialUpdate":true,"showSkybox":true,"showFlares":true,"showImageEffects":true,"showParticleSystems":true},"in2DMode":false,"pivot":{"x":15.47938060760498,"y":-0.0000019073486328125,"z":1.1723556518554688},"rotation":{"x":0.1460740715265274,"y":0.15746992826461793,"z":-0.023561447858810426,"w":0.9764142036437988},"size":18.566150665283204,"orthographic":false}