{"cameraMode":{"drawMode":0,"name":"Shaded","section":"Shading Mode"},"sceneLighting":true,"audioPlay":false,"sceneViewState":{"showFog":true,"showMaterialUpdate":true,"showSkybox":true,"showFlares":true,"showImageEffects":true,"showParticleSystems":true},"in2DMode":false,"pivot":{"x":0.6869964599609375,"y":-0.3292713165283203,"z":-0.769953727722168},"rotation":{"x":0.27506744861602785,"y":0.5085685849189758,"z":-0.1746591329574585,"w":0.7973058223724365},"size":20.04738426208496,"orthographic":false}