{"cameraMode":{"drawMode":0,"name":"Shaded","section":"Shading Mode"},"sceneLighting":true,"audioPlay":false,"sceneViewState":{"showFog":true,"showMaterialUpdate":true,"showSkybox":true,"showFlares":true,"showImageEffects":true,"showParticleSystems":true},"in2DMode":false,"pivot":{"x":31.256343841552736,"y":-4.120132923126221,"z":12.145343780517579},"rotation":{"x":0.013207283802330494,"y":0.9810032248497009,"z":-0.1800345480442047,"w":0.07195015251636505},"size":26.771053314208986,"orthographic":false}