{"cameraMode":{"drawMode":0,"name":"Shaded","section":"Shading Mode"},"sceneLighting":true,"audioPlay":false,"sceneViewState":{"showFog":true,"showMaterialUpdate":true,"showSkybox":true,"showFlares":true,"showImageEffects":true,"showParticleSystems":true},"in2DMode":false,"pivot":{"x":17.85803985595703,"y":3.677874803543091,"z":-22.951274871826173},"rotation":{"x":-0.012109819799661637,"y":0.9500554203987122,"z":-0.03706632927060127,"w":-0.3098764717578888},"size":41.43321228027344,"orthographic":false}