{"cameraMode":{"drawMode":0,"name":"Shaded","section":"Shading Mode"},"sceneLighting":true,"audioPlay":false,"sceneViewState":{"showFog":true,"showMaterialUpdate":true,"showSkybox":true,"showFlares":true,"showImageEffects":true,"showParticleSystems":true},"in2DMode":false,"pivot":{"x":-2.077270984649658,"y":-3.7663350105285646,"z":4.539051055908203},"rotation":{"x":0.21291080117225648,"y":0.5418308973312378,"z":-0.1428379863500595,"w":0.8007705807685852},"size":27.40440559387207,"orthographic":false}