{"cameraMode":{"drawMode":0,"name":"Shaded","section":"Shading Mode"},"sceneLighting":true,"audioPlay":false,"sceneViewState":{"showFog":true,"showMaterialUpdate":true,"showSkybox":true,"showFlares":true,"showImageEffects":true,"showParticleSystems":true},"in2DMode":false,"pivot":{"x":116.159423828125,"y":-104.96162414550781,"z":257.79119873046877},"rotation":{"x":0.19115635752677918,"y":0.16055862605571748,"z":-0.031713053584098819,"w":0.9678305387496948},"size":585.2105102539063,"orthographic":false}