{"cameraMode":{"drawMode":0,"name":"Shaded","section":"Shading Mode"},"sceneLighting":true,"audioPlay":false,"sceneViewState":{"showFog":true,"showMaterialUpdate":true,"showSkybox":true,"showFlares":true,"showImageEffects":true,"showParticleSystems":true},"in2DMode":false,"pivot":{"x":17.147491455078126,"y":-0.8745706081390381,"z":0.3379669189453125},"rotation":{"x":0.1460740715265274,"y":0.15746992826461793,"z":-0.023561447858810426,"w":0.9764142036437988},"size":13.315079689025879,"orthographic":false}