{"cameraMode":{"drawMode":0,"name":"Shaded","section":"Shading Mode"},"sceneLighting":true,"audioPlay":false,"sceneViewState":{"showFog":true,"showMaterialUpdate":true,"showSkybox":true,"showFlares":true,"showImageEffects":true,"showParticleSystems":true},"in2DMode":false,"pivot":{"x":32.04549026489258,"y":-3.922593355178833,"z":17.09589958190918},"rotation":{"x":0.15131816267967225,"y":0.3176313042640686,"z":-0.05143195018172264,"w":0.9346919655799866},"size":24.15428352355957,"orthographic":false}