{"cameraMode":{"drawMode":0,"name":"Shaded","section":"Shading Mode"},"sceneLighting":false,"audioPlay":false,"sceneViewState":{"showFog":true,"showMaterialUpdate":true,"showSkybox":false,"showFlares":true,"showImageEffects":true,"showParticleSystems":true},"in2DMode":false,"pivot":{"x":12.95040512084961,"y":3.04777193069458,"z":-7.589260101318359},"rotation":{"x":0.1460740715265274,"y":0.15746992826461793,"z":-0.023561447858810426,"w":0.9764142036437988},"size":25.601242065429689,"orthographic":false}