{"cameraMode":{"drawMode":0,"name":"Shaded","section":"Shading Mode"},"sceneLighting":true,"audioPlay":false,"sceneViewState":{"showFog":true,"showMaterialUpdate":true,"showSkybox":true,"showFlares":true,"showImageEffects":true,"showParticleSystems":true},"in2DMode":false,"pivot":{"x":22.48206329345703,"y":-5.8216352462768559,"z":19.373376846313478},"rotation":{"x":0.1460740715265274,"y":0.15746992826461793,"z":-0.023561447858810426,"w":0.9764142036437988},"size":43.79051208496094,"orthographic":false}