{"cameraMode":{"drawMode":0,"name":"Shaded","section":"Shading Mode"},"sceneLighting":false,"audioPlay":false,"sceneViewState":{"showFog":true,"showMaterialUpdate":true,"showSkybox":false,"showFlares":true,"showImageEffects":true,"showParticleSystems":true},"in2DMode":false,"pivot":{"x":-0.5369949340820313,"y":1.1913245916366578,"z":0.8959695100784302},"rotation":{"x":0.09436757117509842,"y":-0.6828030347824097,"z":0.08961129933595658,"w":0.7189695835113525},"size":4.783458709716797,"orthographic":false}