{"cameraMode":{"drawMode":0,"name":"Shaded","section":"Shading Mode"},"sceneLighting":true,"audioPlay":false,"sceneViewState":{"showFog":true,"showMaterialUpdate":true,"showSkybox":true,"showFlares":true,"showImageEffects":true,"showParticleSystems":true},"in2DMode":false,"pivot":{"x":-4.7294921875,"y":-3.8632373809814455,"z":17.63323402404785},"rotation":{"x":0.18066780269145966,"y":0.7990157008171082,"z":-0.29257383942604067,"w":0.4934219419956207},"size":41.54823303222656,"orthographic":false}