{"cameraMode":{"drawMode":0,"name":"Shaded","section":"Shading Mode"},"sceneLighting":true,"audioPlay":false,"sceneViewState":{"showFog":true,"showMaterialUpdate":true,"showSkybox":true,"showFlares":true,"showImageEffects":true,"showParticleSystems":true},"in2DMode":false,"pivot":{"x":36.427513122558597,"y":-7.168132781982422,"z":7.927711486816406},"rotation":{"x":0.18737030029296876,"y":0.07269853353500366,"z":-0.013914316892623902,"w":0.9795385599136353},"size":40.7263298034668,"orthographic":false}